{
  "context": {
    "date": "2021-04-02T09:38:45+01:00",
    "host_name": "skvadr",
    "executable": "/home/skvadrik/devel/re2c/__build1/benchmarks/submatch_dfa_jit/.libs/bench_submatch_dfa_jit",
    "num_cpus": 6,
    "mhz_per_cpu": 4100,
    "cpu_scaling_enabled": false,
    "caches": [
      {
        "type": "Data",
        "level": 1,
        "size": 32768,
        "num_sharing": 1
      },
      {
        "type": "Instruction",
        "level": 1,
        "size": 32768,
        "num_sharing": 1
      },
      {
        "type": "Unified",
        "level": 2,
        "size": 262144,
        "num_sharing": 1
      },
      {
        "type": "Unified",
        "level": 3,
        "size": 9437184,
        "num_sharing": 6
      }
    ],
    "load_avg": [0.06,0.26,0.58],
    "library_build_type": "release"
  },
  "benchmarks": [
    {
      "name": "http-rfc7230-regcomp_tdfa1-P",
      "run_name": "http-rfc7230-regcomp_tdfa1-P",
      "run_type": "iteration",
      "repetitions": 0,
      "repetition_index": 0,
      "threads": 1,
      "iterations": 1,
      "real_time": 9.9951114486902952e+06,
      "cpu_time": 9.9939326449999996e+06,
      "time_unit": "us",
      "captures": 1.8400000000000000e+02,
      "regsize": 6.2040000000000000e+03
    },
    {
      "name": "http-rfc7230-regcomp_tdfa1-L",
      "run_name": "http-rfc7230-regcomp_tdfa1-L",
      "run_type": "iteration",
      "repetitions": 0,
      "repetition_index": 0,
      "threads": 1,
      "iterations": 1,
      "real_time": 1.7963741179555655e+06,
      "cpu_time": 1.7887206110000005e+06,
      "time_unit": "us",
      "captures": 1.8400000000000000e+02,
      "regsize": 6.2040000000000000e+03
    },
    {
      "name": "http-rfc7230-regcomp_regless-tdfa1-P",
      "run_name": "http-rfc7230-regcomp_regless-tdfa1-P",
      "run_type": "iteration",
      "repetitions": 0,
      "repetition_index": 0,
      "threads": 1,
      "iterations": 8,
      "real_time": 8.9566735550761223e+04,
      "cpu_time": 8.9466198375000022e+04,
      "time_unit": "us",
      "captures": 1.8400000000000000e+02,
      "regsize": 6.2040000000000000e+03
    },
    {
      "name": "http-rfc7230-regcomp_regless-tdfa1-L",
      "run_name": "http-rfc7230-regcomp_regless-tdfa1-L",
      "run_type": "iteration",
      "repetitions": 0,
      "repetition_index": 0,
      "threads": 1,
      "iterations": 23,
      "real_time": 2.9620951608471249e+04,
      "cpu_time": 2.9620595739130375e+04,
      "time_unit": "us",
      "captures": 1.8400000000000000e+02,
      "regsize": 6.2040000000000000e+03
    },
    {
      "name": "http-rfc7230-regexec_tdfa1-P",
      "run_name": "http-rfc7230-regexec_tdfa1-P",
      "run_type": "iteration",
      "repetitions": 0,
      "repetition_index": 0,
      "threads": 1,
      "iterations": 8838,
      "real_time": 8.0294368616203073e+01,
      "cpu_time": 8.0293410160668941e+01,
      "time_unit": "us",
      "captures": 1.8400000000000000e+02,
      "regsize": 6.2040000000000000e+03
    },
    {
      "name": "http-rfc7230-regexec_tdfa1-L",
      "run_name": "http-rfc7230-regexec_tdfa1-L",
      "run_type": "iteration",
      "repetitions": 0,
      "repetition_index": 0,
      "threads": 1,
      "iterations": 9446,
      "real_time": 7.3777667297830831e+01,
      "cpu_time": 7.3777180499682899e+01,
      "time_unit": "us",
      "captures": 1.8400000000000000e+02,
      "regsize": 6.2040000000000000e+03
    },
    {
      "name": "http-rfc7230-regexec_regless-tdfa1-P",
      "run_name": "http-rfc7230-regexec_regless-tdfa1-P",
      "run_type": "iteration",
      "repetitions": 0,
      "repetition_index": 0,
      "threads": 1,
      "iterations": 4888,
      "real_time": 1.4302221930139194e+02,
      "cpu_time": 1.4302080810147126e+02,
      "time_unit": "us",
      "captures": 1.8400000000000000e+02,
      "regsize": 6.2040000000000000e+03
    },
    {
      "name": "http-rfc7230-regexec_regless-tdfa1-L",
      "run_name": "http-rfc7230-regexec_regless-tdfa1-L",
      "run_type": "iteration",
      "repetitions": 0,
      "repetition_index": 0,
      "threads": 1,
      "iterations": 7507,
      "real_time": 9.3923327347418279e+01,
      "cpu_time": 9.3922866124951170e+01,
      "time_unit": "us",
      "captures": 1.8400000000000000e+02,
      "regsize": 6.2040000000000000e+03
    },
    {
      "name": "http-simple-regcomp_tdfa1-P",
      "run_name": "http-simple-regcomp_tdfa1-P",
      "run_type": "iteration",
      "repetitions": 0,
      "repetition_index": 0,
      "threads": 1,
      "iterations": 26,
      "real_time": 2.6893797617119093e+04,
      "cpu_time": 2.6893537807692468e+04,
      "time_unit": "us",
      "captures": 3.2000000000000000e+01,
      "regsize": 5.7300000000000000e+02
    },
    {
      "name": "http-simple-regcomp_tdfa1-L",
      "run_name": "http-simple-regcomp_tdfa1-L",
      "run_type": "iteration",
      "repetitions": 0,
      "repetition_index": 0,
      "threads": 1,
      "iterations": 94,
      "real_time": 7.4841058119497402e+03,
      "cpu_time": 7.4840831170212505e+03,
      "time_unit": "us",
      "captures": 3.2000000000000000e+01,
      "regsize": 5.7300000000000000e+02
    },
    {
      "name": "http-simple-regcomp_regless-tdfa1-P",
      "run_name": "http-simple-regcomp_regless-tdfa1-P",
      "run_type": "iteration",
      "repetitions": 0,
      "repetition_index": 0,
      "threads": 1,
      "iterations": 350,
      "real_time": 1.9988126999565534e+03,
      "cpu_time": 1.9987959942857206e+03,
      "time_unit": "us",
      "captures": 3.2000000000000000e+01,
      "regsize": 5.7300000000000000e+02
    },
    {
      "name": "http-simple-regcomp_regless-tdfa1-L",
      "run_name": "http-simple-regcomp_regless-tdfa1-L",
      "run_type": "iteration",
      "repetitions": 0,
      "repetition_index": 0,
      "threads": 1,
      "iterations": 959,
      "real_time": 7.4296443489097578e+02,
      "cpu_time": 7.4296461939519997e+02,
      "time_unit": "us",
      "captures": 3.2000000000000000e+01,
      "regsize": 5.7300000000000000e+02
    },
    {
      "name": "http-simple-regexec_tdfa1-P",
      "run_name": "http-simple-regexec_tdfa1-P",
      "run_type": "iteration",
      "repetitions": 0,
      "repetition_index": 0,
      "threads": 1,
      "iterations": 17626,
      "real_time": 3.9751184720647032e+01,
      "cpu_time": 3.9751013672983433e+01,
      "time_unit": "us",
      "captures": 3.2000000000000000e+01,
      "regsize": 5.7300000000000000e+02
    },
    {
      "name": "http-simple-regexec_tdfa1-L",
      "run_name": "http-simple-regexec_tdfa1-L",
      "run_type": "iteration",
      "repetitions": 0,
      "repetition_index": 0,
      "threads": 1,
      "iterations": 17962,
      "real_time": 3.8987707129739043e+01,
      "cpu_time": 3.8987580781650038e+01,
      "time_unit": "us",
      "captures": 3.2000000000000000e+01,
      "regsize": 5.7300000000000000e+02
    },
    {
      "name": "http-simple-regexec_regless-tdfa1-P",
      "run_name": "http-simple-regexec_regless-tdfa1-P",
      "run_type": "iteration",
      "repetitions": 0,
      "repetition_index": 0,
      "threads": 1,
      "iterations": 11742,
      "real_time": 5.9881070706491435e+01,
      "cpu_time": 5.9880877192981515e+01,
      "time_unit": "us",
      "captures": 3.2000000000000000e+01,
      "regsize": 5.7300000000000000e+02
    },
    {
      "name": "http-simple-regexec_regless-tdfa1-L",
      "run_name": "http-simple-regexec_regless-tdfa1-L",
      "run_type": "iteration",
      "repetitions": 0,
      "repetition_index": 0,
      "threads": 1,
      "iterations": 12207,
      "real_time": 5.7515594322440997e+01,
      "cpu_time": 5.7515425985090310e+01,
      "time_unit": "us",
      "captures": 3.2000000000000000e+01,
      "regsize": 5.7300000000000000e+02
    },
    {
      "name": "uri-rfc3986-regcomp_tdfa1-P",
      "run_name": "uri-rfc3986-regcomp_tdfa1-P",
      "run_type": "iteration",
      "repetitions": 0,
      "repetition_index": 0,
      "threads": 1,
      "iterations": 1,
      "real_time": 1.7296259701251984e+06,
      "cpu_time": 1.7296236310000096e+06,
      "time_unit": "us",
      "captures": 9.2000000000000000e+01,
      "regsize": 3.1490000000000000e+03
    },
    {
      "name": "uri-rfc3986-regcomp_tdfa1-L",
      "run_name": "uri-rfc3986-regcomp_tdfa1-L",
      "run_type": "iteration",
      "repetitions": 0,
      "repetition_index": 0,
      "threads": 1,
      "iterations": 2,
      "real_time": 3.1315074302256107e+05,
      "cpu_time": 3.1315115550000174e+05,
      "time_unit": "us",
      "captures": 9.2000000000000000e+01,
      "regsize": 3.1490000000000000e+03
    },
    {
      "name": "uri-rfc3986-regcomp_regless-tdfa1-P",
      "run_name": "uri-rfc3986-regcomp_regless-tdfa1-P",
      "run_type": "iteration",
      "repetitions": 0,
      "repetition_index": 0,
      "threads": 1,
      "iterations": 25,
      "real_time": 2.7392430379986763e+04,
      "cpu_time": 2.7392465280000237e+04,
      "time_unit": "us",
      "captures": 9.2000000000000000e+01,
      "regsize": 3.1490000000000000e+03
    },
    {
      "name": "uri-rfc3986-regcomp_regless-tdfa1-L",
      "run_name": "uri-rfc3986-regcomp_regless-tdfa1-L",
      "run_type": "iteration",
      "repetitions": 0,
      "repetition_index": 0,
      "threads": 1,
      "iterations": 78,
      "real_time": 9.0736711923128514e+03,
      "cpu_time": 9.0735815256410442e+03,
      "time_unit": "us",
      "captures": 9.2000000000000000e+01,
      "regsize": 3.1490000000000000e+03
    },
    {
      "name": "uri-rfc3986-regexec_tdfa1-P",
      "run_name": "uri-rfc3986-regexec_tdfa1-P",
      "run_type": "iteration",
      "repetitions": 0,
      "repetition_index": 0,
      "threads": 1,
      "iterations": 6241,
      "real_time": 1.0956900319339105e+02,
      "cpu_time": 1.0956876526197730e+02,
      "time_unit": "us",
      "captures": 9.2000000000000000e+01,
      "regsize": 3.1490000000000000e+03
    },
    {
      "name": "uri-rfc3986-regexec_tdfa1-L",
      "run_name": "uri-rfc3986-regexec_tdfa1-L",
      "run_type": "iteration",
      "repetitions": 0,
      "repetition_index": 0,
      "threads": 1,
      "iterations": 7063,
      "real_time": 9.9881419641141534e+01,
      "cpu_time": 9.9880778847516055e+01,
      "time_unit": "us",
      "captures": 9.2000000000000000e+01,
      "regsize": 3.1490000000000000e+03
    },
    {
      "name": "uri-rfc3986-regexec_regless-tdfa1-P",
      "run_name": "uri-rfc3986-regexec_regless-tdfa1-P",
      "run_type": "iteration",
      "repetitions": 0,
      "repetition_index": 0,
      "threads": 1,
      "iterations": 5896,
      "real_time": 1.1950035091727123e+02,
      "cpu_time": 1.1949943351424810e+02,
      "time_unit": "us",
      "captures": 9.2000000000000000e+01,
      "regsize": 3.1490000000000000e+03
    },
    {
      "name": "uri-rfc3986-regexec_regless-tdfa1-L",
      "run_name": "uri-rfc3986-regexec_regless-tdfa1-L",
      "run_type": "iteration",
      "repetitions": 0,
      "repetition_index": 0,
      "threads": 1,
      "iterations": 7821,
      "real_time": 9.0605302932560861e+01,
      "cpu_time": 9.0552416059328678e+01,
      "time_unit": "us",
      "captures": 9.2000000000000000e+01,
      "regsize": 3.1490000000000000e+03
    },
    {
      "name": "uri-simple-regcomp_tdfa1-P",
      "run_name": "uri-simple-regcomp_tdfa1-P",
      "run_type": "iteration",
      "repetitions": 0,
      "repetition_index": 0,
      "threads": 1,
      "iterations": 186,
      "real_time": 3.6456524344381464e+03,
      "cpu_time": 3.6413842526881872e+03,
      "time_unit": "us",
      "captures": 1.3000000000000000e+01,
      "regsize": 2.3400000000000000e+02
    },
    {
      "name": "uri-simple-regcomp_tdfa1-L",
      "run_name": "uri-simple-regcomp_tdfa1-L",
      "run_type": "iteration",
      "repetitions": 0,
      "repetition_index": 0,
      "threads": 1,
      "iterations": 559,
      "real_time": 1.2530933479130374e+03,
      "cpu_time": 1.2511948032200291e+03,
      "time_unit": "us",
      "captures": 1.3000000000000000e+01,
      "regsize": 2.3400000000000000e+02
    },
    {
      "name": "uri-simple-regcomp_regless-tdfa1-P",
      "run_name": "uri-simple-regcomp_regless-tdfa1-P",
      "run_type": "iteration",
      "repetitions": 0,
      "repetition_index": 0,
      "threads": 1,
      "iterations": 1359,
      "real_time": 5.2689537789735664e+02,
      "cpu_time": 5.2455417439293922e+02,
      "time_unit": "us",
      "captures": 1.3000000000000000e+01,
      "regsize": 2.3400000000000000e+02
    },
    {
      "name": "uri-simple-regcomp_regless-tdfa1-L",
      "run_name": "uri-simple-regcomp_regless-tdfa1-L",
      "run_type": "iteration",
      "repetitions": 0,
      "repetition_index": 0,
      "threads": 1,
      "iterations": 3790,
      "real_time": 1.8844876320428145e+02,
      "cpu_time": 1.8820072374670144e+02,
      "time_unit": "us",
      "captures": 1.3000000000000000e+01,
      "regsize": 2.3400000000000000e+02
    },
    {
      "name": "uri-simple-regexec_tdfa1-P",
      "run_name": "uri-simple-regexec_tdfa1-P",
      "run_type": "iteration",
      "repetitions": 0,
      "repetition_index": 0,
      "threads": 1,
      "iterations": 16900,
      "real_time": 4.1692170628605510e+01,
      "cpu_time": 4.1598671124260228e+01,
      "time_unit": "us",
      "captures": 1.3000000000000000e+01,
      "regsize": 2.3400000000000000e+02
    },
    {
      "name": "uri-simple-regexec_tdfa1-L",
      "run_name": "uri-simple-regexec_tdfa1-L",
      "run_type": "iteration",
      "repetitions": 0,
      "repetition_index": 0,
      "threads": 1,
      "iterations": 17237,
      "real_time": 4.1312850977605848e+01,
      "cpu_time": 4.1248921970180049e+01,
      "time_unit": "us",
      "captures": 1.3000000000000000e+01,
      "regsize": 2.3400000000000000e+02
    },
    {
      "name": "uri-simple-regexec_regless-tdfa1-P",
      "run_name": "uri-simple-regexec_regless-tdfa1-P",
      "run_type": "iteration",
      "repetitions": 0,
      "repetition_index": 0,
      "threads": 1,
      "iterations": 9732,
      "real_time": 7.2406714363349010e+01,
      "cpu_time": 7.2341381216603992e+01,
      "time_unit": "us",
      "captures": 1.3000000000000000e+01,
      "regsize": 2.3400000000000000e+02
    },
    {
      "name": "uri-simple-regexec_regless-tdfa1-L",
      "run_name": "uri-simple-regexec_regless-tdfa1-L",
      "run_type": "iteration",
      "repetitions": 0,
      "repetition_index": 0,
      "threads": 1,
      "iterations": 10291,
      "real_time": 6.7808460717518173e+01,
      "cpu_time": 6.7808318919444559e+01,
      "time_unit": "us",
      "captures": 1.3000000000000000e+01,
      "regsize": 2.3400000000000000e+02
    },
    {
      "name": "ipv6-regcomp_tdfa1-P",
      "run_name": "ipv6-regcomp_tdfa1-P",
      "run_type": "iteration",
      "repetitions": 0,
      "repetition_index": 0,
      "threads": 1,
      "iterations": 5,
      "real_time": 1.3098591938614845e+05,
      "cpu_time": 1.3098509559999911e+05,
      "time_unit": "us",
      "captures": 6.1000000000000000e+01,
      "regsize": 2.3430000000000000e+03
    },
    {
      "name": "ipv6-regcomp_tdfa1-L",
      "run_name": "ipv6-regcomp_tdfa1-L",
      "run_type": "iteration",
      "repetitions": 0,
      "repetition_index": 0,
      "threads": 1,
      "iterations": 17,
      "real_time": 4.0126177975360086e+04,
      "cpu_time": 4.0125969705882504e+04,
      "time_unit": "us",
      "captures": 6.1000000000000000e+01,
      "regsize": 2.3430000000000000e+03
    },
    {
      "name": "ipv6-regcomp_regless-tdfa1-P",
      "run_name": "ipv6-regcomp_regless-tdfa1-P",
      "run_type": "iteration",
      "repetitions": 0,
      "repetition_index": 0,
      "threads": 1,
      "iterations": 92,
      "real_time": 7.7550337933327837e+03,
      "cpu_time": 7.7549793695652625e+03,
      "time_unit": "us",
      "captures": 6.1000000000000000e+01,
      "regsize": 2.3430000000000000e+03
    },
    {
      "name": "ipv6-regcomp_regless-tdfa1-L",
      "run_name": "ipv6-regcomp_regless-tdfa1-L",
      "run_type": "iteration",
      "repetitions": 0,
      "repetition_index": 0,
      "threads": 1,
      "iterations": 253,
      "real_time": 2.7763747385603638e+03,
      "cpu_time": 2.7763666996047723e+03,
      "time_unit": "us",
      "captures": 6.1000000000000000e+01,
      "regsize": 2.3430000000000000e+03
    },
    {
      "name": "ipv6-regexec_tdfa1-P",
      "run_name": "ipv6-regexec_tdfa1-P",
      "run_type": "iteration",
      "repetitions": 0,
      "repetition_index": 0,
      "threads": 1,
      "iterations": 21988,
      "real_time": 3.1194183806034356e+01,
      "cpu_time": 3.1193992041113106e+01,
      "time_unit": "us",
      "captures": 6.1000000000000000e+01,
      "regsize": 2.3430000000000000e+03
    },
    {
      "name": "ipv6-regexec_tdfa1-L",
      "run_name": "ipv6-regexec_tdfa1-L",
      "run_type": "iteration",
      "repetitions": 0,
      "repetition_index": 0,
      "threads": 1,
      "iterations": 27771,
      "real_time": 2.4904362858146627e+01,
      "cpu_time": 2.4904258903172501e+01,
      "time_unit": "us",
      "captures": 6.1000000000000000e+01,
      "regsize": 2.3430000000000000e+03
    },
    {
      "name": "ipv6-regexec_regless-tdfa1-P",
      "run_name": "ipv6-regexec_regless-tdfa1-P",
      "run_type": "iteration",
      "repetitions": 0,
      "repetition_index": 0,
      "threads": 1,
      "iterations": 24058,
      "real_time": 2.9073163782760425e+01,
      "cpu_time": 2.9073047468617542e+01,
      "time_unit": "us",
      "captures": 6.1000000000000000e+01,
      "regsize": 2.3430000000000000e+03
    },
    {
      "name": "ipv6-regexec_regless-tdfa1-L",
      "run_name": "ipv6-regexec_regless-tdfa1-L",
      "run_type": "iteration",
      "repetitions": 0,
      "repetition_index": 0,
      "threads": 1,
      "iterations": 39113,
      "real_time": 1.7758020681366670e+01,
      "cpu_time": 1.7757963976171649e+01,
      "time_unit": "us",
      "captures": 6.1000000000000000e+01,
      "regsize": 2.3430000000000000e+03
    },
    {
      "name": "ipv6-simple-regcomp_tdfa1-P",
      "run_name": "ipv6-simple-regcomp_tdfa1-P",
      "run_type": "iteration",
      "repetitions": 0,
      "repetition_index": 0,
      "threads": 1,
      "iterations": 4,
      "real_time": 1.5487830433994532e+05,
      "cpu_time": 1.5487684425000125e+05,
      "time_unit": "us",
      "captures": 6.0000000000000000e+00,
      "regsize": 9.3000000000000000e+01
    },
    {
      "name": "ipv6-simple-regcomp_tdfa1-L",
      "run_name": "ipv6-simple-regcomp_tdfa1-L",
      "run_type": "iteration",
      "repetitions": 0,
      "repetition_index": 0,
      "threads": 1,
      "iterations": 6,
      "real_time": 1.1465070893367131e+05,
      "cpu_time": 1.1464970933333282e+05,
      "time_unit": "us",
      "captures": 6.0000000000000000e+00,
      "regsize": 9.3000000000000000e+01
    },
    {
      "name": "ipv6-simple-regcomp_regless-tdfa1-P",
      "run_name": "ipv6-simple-regcomp_regless-tdfa1-P",
      "run_type": "iteration",
      "repetitions": 0,
      "repetition_index": 0,
      "threads": 1,
      "iterations": 71,
      "real_time": 9.7965984802011026e+03,
      "cpu_time": 9.7966056338028575e+03,
      "time_unit": "us",
      "captures": 6.0000000000000000e+00,
      "regsize": 9.3000000000000000e+01
    },
    {
      "name": "ipv6-simple-regcomp_regless-tdfa1-L",
      "run_name": "ipv6-simple-regcomp_regless-tdfa1-L",
      "run_type": "iteration",
      "repetitions": 0,
      "repetition_index": 0,
      "threads": 1,
      "iterations": 278,
      "real_time": 2.5530575017491692e+03,
      "cpu_time": 2.5530578525179963e+03,
      "time_unit": "us",
      "captures": 6.0000000000000000e+00,
      "regsize": 9.3000000000000000e+01
    },
    {
      "name": "ipv6-simple-regexec_tdfa1-P",
      "run_name": "ipv6-simple-regexec_tdfa1-P",
      "run_type": "iteration",
      "repetitions": 0,
      "repetition_index": 0,
      "threads": 1,
      "iterations": 103737,
      "real_time": 6.6522635122401681e+00,
      "cpu_time": 6.6522189189969847e+00,
      "time_unit": "us",
      "captures": 6.0000000000000000e+00,
      "regsize": 9.3000000000000000e+01
    },
    {
      "name": "ipv6-simple-regexec_tdfa1-L",
      "run_name": "ipv6-simple-regexec_tdfa1-L",
      "run_type": "iteration",
      "repetitions": 0,
      "repetition_index": 0,
      "threads": 1,
      "iterations": 104427,
      "real_time": 6.6163737223014483e+00,
      "cpu_time": 6.6163398546353251e+00,
      "time_unit": "us",
      "captures": 6.0000000000000000e+00,
      "regsize": 9.3000000000000000e+01
    },
    {
      "name": "ipv6-simple-regexec_regless-tdfa1-P",
      "run_name": "ipv6-simple-regexec_regless-tdfa1-P",
      "run_type": "iteration",
      "repetitions": 0,
      "repetition_index": 0,
      "threads": 1,
      "iterations": 67019,
      "real_time": 1.0273751625104849e+01,
      "cpu_time": 1.0273747504439166e+01,
      "time_unit": "us",
      "captures": 6.0000000000000000e+00,
      "regsize": 9.3000000000000000e+01
    },
    {
      "name": "ipv6-simple-regexec_regless-tdfa1-L",
      "run_name": "ipv6-simple-regexec_regless-tdfa1-L",
      "run_type": "iteration",
      "repetitions": 0,
      "repetition_index": 0,
      "threads": 1,
      "iterations": 84594,
      "real_time": 8.5763740570059817e+00,
      "cpu_time": 8.5763243965294382e+00,
      "time_unit": "us",
      "captures": 6.0000000000000000e+00,
      "regsize": 9.3000000000000000e+01
    },
    {
      "name": "ipv4-regcomp_tdfa1-P",
      "run_name": "ipv4-regcomp_tdfa1-P",
      "run_type": "iteration",
      "repetitions": 0,
      "repetition_index": 0,
      "threads": 1,
      "iterations": 3109,
      "real_time": 2.3168083382174302e+02,
      "cpu_time": 2.3168018494693129e+02,
      "time_unit": "us",
      "captures": 5.0000000000000000e+00,
      "regsize": 2.3500000000000000e+02
    },
    {
      "name": "ipv4-regcomp_tdfa1-L",
      "run_name": "ipv4-regcomp_tdfa1-L",
      "run_type": "iteration",
      "repetitions": 0,
      "repetition_index": 0,
      "threads": 1,
      "iterations": 5403,
      "real_time": 1.2802759569132084e+02,
      "cpu_time": 1.2802723042754167e+02,
      "time_unit": "us",
      "captures": 5.0000000000000000e+00,
      "regsize": 2.3500000000000000e+02
    },
    {
      "name": "ipv4-regcomp_regless-tdfa1-P",
      "run_name": "ipv4-regcomp_regless-tdfa1-P",
      "run_type": "iteration",
      "repetitions": 0,
      "repetition_index": 0,
      "threads": 1,
      "iterations": 5063,
      "real_time": 1.3491020059835151e+02,
      "cpu_time": 1.3490976891171212e+02,
      "time_unit": "us",
      "captures": 5.0000000000000000e+00,
      "regsize": 2.3500000000000000e+02
    },
    {
      "name": "ipv4-regcomp_regless-tdfa1-L",
      "run_name": "ipv4-regcomp_regless-tdfa1-L",
      "run_type": "iteration",
      "repetitions": 0,
      "repetition_index": 0,
      "threads": 1,
      "iterations": 9940,
      "real_time": 7.0760901305277343e+01,
      "cpu_time": 7.0760708551308412e+01,
      "time_unit": "us",
      "captures": 5.0000000000000000e+00,
      "regsize": 2.3500000000000000e+02
    },
    {
      "name": "ipv4-regexec_tdfa1-P",
      "run_name": "ipv4-regexec_tdfa1-P",
      "run_type": "iteration",
      "repetitions": 0,
      "repetition_index": 0,
      "threads": 1,
      "iterations": 1930619,
      "real_time": 3.6485695430486365e-01,
      "cpu_time": 3.6485520965038021e-01,
      "time_unit": "us",
      "captures": 5.0000000000000000e+00,
      "regsize": 2.3500000000000000e+02
    },
    {
      "name": "ipv4-regexec_tdfa1-L",
      "run_name": "ipv4-regexec_tdfa1-L",
      "run_type": "iteration",
      "repetitions": 0,
      "repetition_index": 0,
      "threads": 1,
      "iterations": 2090408,
      "real_time": 3.3713270934858830e-01,
      "cpu_time": 3.3713147289907469e-01,
      "time_unit": "us",
      "captures": 5.0000000000000000e+00,
      "regsize": 2.3500000000000000e+02
    },
    {
      "name": "ipv4-regexec_regless-tdfa1-P",
      "run_name": "ipv4-regexec_regless-tdfa1-P",
      "run_type": "iteration",
      "repetitions": 0,
      "repetition_index": 0,
      "threads": 1,
      "iterations": 1119391,
      "real_time": 6.0395590101240515e-01,
      "cpu_time": 6.0395354348925534e-01,
      "time_unit": "us",
      "captures": 5.0000000000000000e+00,
      "regsize": 2.3500000000000000e+02
    },
    {
      "name": "ipv4-regexec_regless-tdfa1-L",
      "run_name": "ipv4-regexec_regless-tdfa1-L",
      "run_type": "iteration",
      "repetitions": 0,
      "repetition_index": 0,
      "threads": 1,
      "iterations": 1440216,
      "real_time": 5.0837260725222044e-01,
      "cpu_time": 5.0792502582945553e-01,
      "time_unit": "us",
      "captures": 5.0000000000000000e+00,
      "regsize": 2.3500000000000000e+02
    },
    {
      "name": "ipv4-simple-regcomp_tdfa1-P",
      "run_name": "ipv4-simple-regcomp_tdfa1-P",
      "run_type": "iteration",
      "repetitions": 0,
      "repetition_index": 0,
      "threads": 1,
      "iterations": 16744,
      "real_time": 4.2688192303990611e+01,
      "cpu_time": 4.2655846989966250e+01,
      "time_unit": "us",
      "captures": 4.0000000000000000e+00,
      "regsize": 5.7000000000000000e+01
    },
    {
      "name": "ipv4-simple-regcomp_tdfa1-L",
      "run_name": "ipv4-simple-regcomp_tdfa1-L",
      "run_type": "iteration",
      "repetitions": 0,
      "repetition_index": 0,
      "threads": 1,
      "iterations": 25480,
      "real_time": 2.7410258952779710e+01,
      "cpu_time": 2.7399012558869160e+01,
      "time_unit": "us",
      "captures": 4.0000000000000000e+00,
      "regsize": 5.7000000000000000e+01
    },
    {
      "name": "ipv4-simple-regcomp_regless-tdfa1-P",
      "run_name": "ipv4-simple-regcomp_regless-tdfa1-P",
      "run_type": "iteration",
      "repetitions": 0,
      "repetition_index": 0,
      "threads": 1,
      "iterations": 28917,
      "real_time": 2.2595995459916224e+01,
      "cpu_time": 2.2582436525227699e+01,
      "time_unit": "us",
      "captures": 4.0000000000000000e+00,
      "regsize": 5.7000000000000000e+01
    },
    {
      "name": "ipv4-simple-regcomp_regless-tdfa1-L",
      "run_name": "ipv4-simple-regcomp_regless-tdfa1-L",
      "run_type": "iteration",
      "repetitions": 0,
      "repetition_index": 0,
      "threads": 1,
      "iterations": 45795,
      "real_time": 1.5299227558469289e+01,
      "cpu_time": 1.5294221050332915e+01,
      "time_unit": "us",
      "captures": 4.0000000000000000e+00,
      "regsize": 5.7000000000000000e+01
    },
    {
      "name": "ipv4-simple-regexec_tdfa1-P",
      "run_name": "ipv4-simple-regexec_tdfa1-P",
      "run_type": "iteration",
      "repetitions": 0,
      "repetition_index": 0,
      "threads": 1,
      "iterations": 2023636,
      "real_time": 3.9525171639729084e-01,
      "cpu_time": 3.9492263035446706e-01,
      "time_unit": "us",
      "captures": 4.0000000000000000e+00,
      "regsize": 5.7000000000000000e+01
    },
    {
      "name": "ipv4-simple-regexec_tdfa1-L",
      "run_name": "ipv4-simple-regexec_tdfa1-L",
      "run_type": "iteration",
      "repetitions": 0,
      "repetition_index": 0,
      "threads": 1,
      "iterations": 2224051,
      "real_time": 3.1523630768278099e-01,
      "cpu_time": 3.1476821349869993e-01,
      "time_unit": "us",
      "captures": 4.0000000000000000e+00,
      "regsize": 5.7000000000000000e+01
    },
    {
      "name": "ipv4-simple-regexec_regless-tdfa1-P",
      "run_name": "ipv4-simple-regexec_regless-tdfa1-P",
      "run_type": "iteration",
      "repetitions": 0,
      "repetition_index": 0,
      "threads": 1,
      "iterations": 1351293,
      "real_time": 5.4559613033459309e-01,
      "cpu_time": 5.4463846996913556e-01,
      "time_unit": "us",
      "captures": 4.0000000000000000e+00,
      "regsize": 5.7000000000000000e+01
    },
    {
      "name": "ipv4-simple-regexec_regless-tdfa1-L",
      "run_name": "ipv4-simple-regexec_regless-tdfa1-L",
      "run_type": "iteration",
      "repetitions": 0,
      "repetition_index": 0,
      "threads": 1,
      "iterations": 1666310,
      "real_time": 4.0300791772243155e-01,
      "cpu_time": 4.0279042255041814e-01,
      "time_unit": "us",
      "captures": 4.0000000000000000e+00,
      "regsize": 5.7000000000000000e+01
    },
    {
      "name": "date-regcomp_tdfa1-P",
      "run_name": "date-regcomp_tdfa1-P",
      "run_type": "iteration",
      "repetitions": 0,
      "repetition_index": 0,
      "threads": 1,
      "iterations": 1512,
      "real_time": 4.7127577037644136e+02,
      "cpu_time": 4.7102977579365648e+02,
      "time_unit": "us",
      "captures": 1.3000000000000000e+01,
      "regsize": 2.2400000000000000e+02
    },
    {
      "name": "date-regcomp_tdfa1-L",
      "run_name": "date-regcomp_tdfa1-L",
      "run_type": "iteration",
      "repetitions": 0,
      "repetition_index": 0,
      "threads": 1,
      "iterations": 2372,
      "real_time": 2.8873343275102957e+02,
      "cpu_time": 2.8873056829679535e+02,
      "time_unit": "us",
      "captures": 1.3000000000000000e+01,
      "regsize": 2.2400000000000000e+02
    },
    {
      "name": "date-regcomp_regless-tdfa1-P",
      "run_name": "date-regcomp_regless-tdfa1-P",
      "run_type": "iteration",
      "repetitions": 0,
      "repetition_index": 0,
      "threads": 1,
      "iterations": 2478,
      "real_time": 2.7937230844234057e+02,
      "cpu_time": 2.7937246368038700e+02,
      "time_unit": "us",
      "captures": 1.3000000000000000e+01,
      "regsize": 2.2400000000000000e+02
    },
    {
      "name": "date-regcomp_regless-tdfa1-L",
      "run_name": "date-regcomp_regless-tdfa1-L",
      "run_type": "iteration",
      "repetitions": 0,
      "repetition_index": 0,
      "threads": 1,
      "iterations": 3805,
      "real_time": 1.8620862724668251e+02,
      "cpu_time": 1.8620467858081773e+02,
      "time_unit": "us",
      "captures": 1.3000000000000000e+01,
      "regsize": 2.2400000000000000e+02
    },
    {
      "name": "date-regexec_tdfa1-P",
      "run_name": "date-regexec_tdfa1-P",
      "run_type": "iteration",
      "repetitions": 0,
      "repetition_index": 0,
      "threads": 1,
      "iterations": 517804,
      "real_time": 1.4188164160734271e+00,
      "cpu_time": 1.4188094240291520e+00,
      "time_unit": "us",
      "captures": 1.3000000000000000e+01,
      "regsize": 2.2400000000000000e+02
    },
    {
      "name": "date-regexec_tdfa1-L",
      "run_name": "date-regexec_tdfa1-L",
      "run_type": "iteration",
      "repetitions": 0,
      "repetition_index": 0,
      "threads": 1,
      "iterations": 620256,
      "real_time": 1.1543178473121318e+00,
      "cpu_time": 1.1543141138497686e+00,
      "time_unit": "us",
      "captures": 1.3000000000000000e+01,
      "regsize": 2.2400000000000000e+02
    },
    {
      "name": "date-regexec_regless-tdfa1-P",
      "run_name": "date-regexec_regless-tdfa1-P",
      "run_type": "iteration",
      "repetitions": 0,
      "repetition_index": 0,
      "threads": 1,
      "iterations": 278835,
      "real_time": 2.5738317381883125e+00,
      "cpu_time": 2.5738236125307026e+00,
      "time_unit": "us",
      "captures": 1.3000000000000000e+01,
      "regsize": 2.2400000000000000e+02
    },
    {
      "name": "date-regexec_regless-tdfa1-L",
      "run_name": "date-regexec_regless-tdfa1-L",
      "run_type": "iteration",
      "repetitions": 0,
      "repetition_index": 0,
      "threads": 1,
      "iterations": 406479,
      "real_time": 1.6990083871724488e+00,
      "cpu_time": 1.6990034343717690e+00,
      "time_unit": "us",
      "captures": 1.3000000000000000e+01,
      "regsize": 2.2400000000000000e+02
    },
    {
      "name": "date-simple-regcomp_tdfa1-P",
      "run_name": "date-simple-regcomp_tdfa1-P",
      "run_type": "iteration",
      "repetitions": 0,
      "repetition_index": 0,
      "threads": 1,
      "iterations": 9113,
      "real_time": 7.7719699101260730e+01,
      "cpu_time": 7.7719422473389741e+01,
      "time_unit": "us",
      "captures": 6.0000000000000000e+00,
      "regsize": 8.1000000000000000e+01
    },
    {
      "name": "date-simple-regcomp_tdfa1-L",
      "run_name": "date-simple-regcomp_tdfa1-L",
      "run_type": "iteration",
      "repetitions": 0,
      "repetition_index": 0,
      "threads": 1,
      "iterations": 10000,
      "real_time": 5.0210245326161385e+01,
      "cpu_time": 5.0210287900000594e+01,
      "time_unit": "us",
      "captures": 6.0000000000000000e+00,
      "regsize": 8.1000000000000000e+01
    },
    {
      "name": "date-simple-regcomp_regless-tdfa1-P",
      "run_name": "date-simple-regcomp_regless-tdfa1-P",
      "run_type": "iteration",
      "repetitions": 0,
      "repetition_index": 0,
      "threads": 1,
      "iterations": 16559,
      "real_time": 4.2017996630646181e+01,
      "cpu_time": 4.2018025122289934e+01,
      "time_unit": "us",
      "captures": 6.0000000000000000e+00,
      "regsize": 8.1000000000000000e+01
    },
    {
      "name": "date-simple-regcomp_regless-tdfa1-L",
      "run_name": "date-simple-regcomp_regless-tdfa1-L",
      "run_type": "iteration",
      "repetitions": 0,
      "repetition_index": 0,
      "threads": 1,
      "iterations": 26762,
      "real_time": 2.6224625384796006e+01,
      "cpu_time": 2.6224653052836299e+01,
      "time_unit": "us",
      "captures": 6.0000000000000000e+00,
      "regsize": 8.1000000000000000e+01
    },
    {
      "name": "date-simple-regexec_tdfa1-P",
      "run_name": "date-simple-regexec_tdfa1-P",
      "run_type": "iteration",
      "repetitions": 0,
      "repetition_index": 0,
      "threads": 1,
      "iterations": 722350,
      "real_time": 9.7508483383328293e-01,
      "cpu_time": 9.7508130546135130e-01,
      "time_unit": "us",
      "captures": 6.0000000000000000e+00,
      "regsize": 8.1000000000000000e+01
    },
    {
      "name": "date-simple-regexec_tdfa1-L",
      "run_name": "date-simple-regexec_tdfa1-L",
      "run_type": "iteration",
      "repetitions": 0,
      "repetition_index": 0,
      "threads": 1,
      "iterations": 755397,
      "real_time": 8.9308578225942858e-01,
      "cpu_time": 8.9307850971077762e-01,
      "time_unit": "us",
      "captures": 6.0000000000000000e+00,
      "regsize": 8.1000000000000000e+01
    },
    {
      "name": "date-simple-regexec_regless-tdfa1-P",
      "run_name": "date-simple-regexec_regless-tdfa1-P",
      "run_type": "iteration",
      "repetitions": 0,
      "repetition_index": 0,
      "threads": 1,
      "iterations": 438356,
      "real_time": 1.6407744553643826e+00,
      "cpu_time": 1.6407706909452902e+00,
      "time_unit": "us",
      "captures": 6.0000000000000000e+00,
      "regsize": 8.1000000000000000e+01
    },
    {
      "name": "date-simple-regexec_regless-tdfa1-L",
      "run_name": "date-simple-regexec_regless-tdfa1-L",
      "run_type": "iteration",
      "repetitions": 0,
      "repetition_index": 0,
      "threads": 1,
      "iterations": 531818,
      "real_time": 1.2440711701818152e+00,
      "cpu_time": 1.2440672955785879e+00,
      "time_unit": "us",
      "captures": 6.0000000000000000e+00,
      "regsize": 8.1000000000000000e+01
    },
    {
      "name": "package-regcomp_tdfa1-P",
      "run_name": "package-regcomp_tdfa1-P",
      "run_type": "iteration",
      "repetitions": 0,
      "repetition_index": 0,
      "threads": 1,
      "iterations": 472,
      "real_time": 1.4751272599639024e+03,
      "cpu_time": 1.4751284661017060e+03,
      "time_unit": "us",
      "captures": 1.3000000000000000e+01,
      "regsize": 1.1700000000000000e+02
    },
    {
      "name": "package-regcomp_tdfa1-L",
      "run_name": "package-regcomp_tdfa1-L",
      "run_type": "iteration",
      "repetitions": 0,
      "repetition_index": 0,
      "threads": 1,
      "iterations": 934,
      "real_time": 7.5311174245283996e+02,
      "cpu_time": 7.5310952355458710e+02,
      "time_unit": "us",
      "captures": 1.3000000000000000e+01,
      "regsize": 1.1700000000000000e+02
    },
    {
      "name": "package-regcomp_regless-tdfa1-P",
      "run_name": "package-regcomp_regless-tdfa1-P",
      "run_type": "iteration",
      "repetitions": 0,
      "repetition_index": 0,
      "threads": 1,
      "iterations": 1826,
      "real_time": 3.8097950304488103e+02,
      "cpu_time": 3.8064298849945033e+02,
      "time_unit": "us",
      "captures": 1.3000000000000000e+01,
      "regsize": 1.1700000000000000e+02
    },
    {
      "name": "package-regcomp_regless-tdfa1-L",
      "run_name": "package-regcomp_regless-tdfa1-L",
      "run_type": "iteration",
      "repetitions": 0,
      "repetition_index": 0,
      "threads": 1,
      "iterations": 4114,
      "real_time": 1.7676165886132765e+02,
      "cpu_time": 1.7670544822557488e+02,
      "time_unit": "us",
      "captures": 1.3000000000000000e+01,
      "regsize": 1.1700000000000000e+02
    },
    {
      "name": "package-regexec_tdfa1-P",
      "run_name": "package-regexec_tdfa1-P",
      "run_type": "iteration",
      "repetitions": 0,
      "repetition_index": 0,
      "threads": 1,
      "iterations": 3589,
      "real_time": 1.9635126465922713e+02,
      "cpu_time": 1.9612788241849347e+02,
      "time_unit": "us",
      "captures": 1.3000000000000000e+01,
      "regsize": 1.1700000000000000e+02
    },
    {
      "name": "package-regexec_tdfa1-L",
      "run_name": "package-regexec_tdfa1-L",
      "run_type": "iteration",
      "repetitions": 0,
      "repetition_index": 0,
      "threads": 1,
      "iterations": 3585,
      "real_time": 1.8627008415415696e+02,
      "cpu_time": 1.8608161645745849e+02,
      "time_unit": "us",
      "captures": 1.3000000000000000e+01,
      "regsize": 1.1700000000000000e+02
    },
    {
      "name": "package-regexec_regless-tdfa1-P",
      "run_name": "package-regexec_regless-tdfa1-P",
      "run_type": "iteration",
      "repetitions": 0,
      "repetition_index": 0,
      "threads": 1,
      "iterations": 2287,
      "real_time": 3.0872031596742136e+02,
      "cpu_time": 3.0814102186269128e+02,
      "time_unit": "us",
      "captures": 1.3000000000000000e+01,
      "regsize": 1.1700000000000000e+02
    },
    {
      "name": "package-regexec_regless-tdfa1-L",
      "run_name": "package-regexec_regless-tdfa1-L",
      "run_type": "iteration",
      "repetitions": 0,
      "repetition_index": 0,
      "threads": 1,
      "iterations": 2776,
      "real_time": 2.5148432358283475e+02,
      "cpu_time": 2.5094427809797435e+02,
      "time_unit": "us",
      "captures": 1.3000000000000000e+01,
      "regsize": 1.1700000000000000e+02
    },
    {
      "name": "package-simple-regcomp_tdfa1-P",
      "run_name": "package-simple-regcomp_tdfa1-P",
      "run_type": "iteration",
      "repetitions": 0,
      "repetition_index": 0,
      "threads": 1,
      "iterations": 3813,
      "real_time": 1.8352702789549875e+02,
      "cpu_time": 1.8342676317860017e+02,
      "time_unit": "us",
      "captures": 4.0000000000000000e+00,
      "regsize": 4.5000000000000000e+01
    },
    {
      "name": "package-simple-regcomp_tdfa1-L",
      "run_name": "package-simple-regcomp_tdfa1-L",
      "run_type": "iteration",
      "repetitions": 0,
      "repetition_index": 0,
      "threads": 1,
      "iterations": 7527,
      "real_time": 9.2557261353852311e+01,
      "cpu_time": 9.2502874319117083e+01,
      "time_unit": "us",
      "captures": 4.0000000000000000e+00,
      "regsize": 4.5000000000000000e+01
    },
    {
      "name": "package-simple-regcomp_regless-tdfa1-P",
      "run_name": "package-simple-regcomp_regless-tdfa1-P",
      "run_type": "iteration",
      "repetitions": 0,
      "repetition_index": 0,
      "threads": 1,
      "iterations": 9702,
      "real_time": 7.1935564735714266e+01,
      "cpu_time": 7.1786992681923024e+01,
      "time_unit": "us",
      "captures": 4.0000000000000000e+00,
      "regsize": 4.5000000000000000e+01
    },
    {
      "name": "package-simple-regcomp_regless-tdfa1-L",
      "run_name": "package-simple-regcomp_regless-tdfa1-L",
      "run_type": "iteration",
      "repetitions": 0,
      "repetition_index": 0,
      "threads": 1,
      "iterations": 21842,
      "real_time": 3.1915287533344319e+01,
      "cpu_time": 3.1915200622653440e+01,
      "time_unit": "us",
      "captures": 4.0000000000000000e+00,
      "regsize": 4.5000000000000000e+01
    },
    {
      "name": "package-simple-regexec_tdfa1-P",
      "run_name": "package-simple-regexec_tdfa1-P",
      "run_type": "iteration",
      "repetitions": 0,
      "repetition_index": 0,
      "threads": 1,
      "iterations": 4867,
      "real_time": 1.4504727618342091e+02,
      "cpu_time": 1.4329084775015431e+02,
      "time_unit": "us",
      "captures": 4.0000000000000000e+00,
      "regsize": 4.5000000000000000e+01
    },
    {
      "name": "package-simple-regexec_tdfa1-L",
      "run_name": "package-simple-regexec_tdfa1-L",
      "run_type": "iteration",
      "repetitions": 0,
      "repetition_index": 0,
      "threads": 1,
      "iterations": 5066,
      "real_time": 1.3673203481464955e+02,
      "cpu_time": 1.3642998894591310e+02,
      "time_unit": "us",
      "captures": 4.0000000000000000e+00,
      "regsize": 4.5000000000000000e+01
    },
    {
      "name": "package-simple-regexec_regless-tdfa1-P",
      "run_name": "package-simple-regexec_regless-tdfa1-P",
      "run_type": "iteration",
      "repetitions": 0,
      "repetition_index": 0,
      "threads": 1,
      "iterations": 3079,
      "real_time": 2.1853231827656762e+02,
      "cpu_time": 2.1813942124066676e+02,
      "time_unit": "us",
      "captures": 4.0000000000000000e+00,
      "regsize": 4.5000000000000000e+01
    },
    {
      "name": "package-simple-regexec_regless-tdfa1-L",
      "run_name": "package-simple-regexec_regless-tdfa1-L",
      "run_type": "iteration",
      "repetitions": 0,
      "repetition_index": 0,
      "threads": 1,
      "iterations": 3488,
      "real_time": 1.9686845176075713e+02,
      "cpu_time": 1.9656461840595946e+02,
      "time_unit": "us",
      "captures": 4.0000000000000000e+00,
      "regsize": 4.5000000000000000e+01
    },
    {
      "name": "(a)*a{1}-regcomp_tdfa1-P",
      "run_name": "(a)*a{1}-regcomp_tdfa1-P",
      "run_type": "iteration",
      "repetitions": 0,
      "repetition_index": 0,
      "threads": 1,
      "iterations": 50313,
      "real_time": 1.3754832697033615e+01,
      "cpu_time": 1.3739218969252109e+01,
      "time_unit": "us",
      "captures": 1.0000000000000000e+00,
      "regsize": 8.0000000000000000e+00
    },
    {
      "name": "(a)*a{1}-regcomp_tdfa1-L",
      "run_name": "(a)*a{1}-regcomp_tdfa1-L",
      "run_type": "iteration",
      "repetitions": 0,
      "repetition_index": 0,
      "threads": 1,
      "iterations": 65026,
      "real_time": 1.0814035446944922e+01,
      "cpu_time": 1.0794315950542648e+01,
      "time_unit": "us",
      "captures": 1.0000000000000000e+00,
      "regsize": 8.0000000000000000e+00
    },
    {
      "name": "(a)*a{1}-regcomp_regless-tdfa1-P",
      "run_name": "(a)*a{1}-regcomp_regless-tdfa1-P",
      "run_type": "iteration",
      "repetitions": 0,
      "repetition_index": 0,
      "threads": 1,
      "iterations": 76322,
      "real_time": 9.4496299823385517e+00,
      "cpu_time": 9.4413195539948980e+00,
      "time_unit": "us",
      "captures": 1.0000000000000000e+00,
      "regsize": 8.0000000000000000e+00
    },
    {
      "name": "(a)*a{1}-regcomp_regless-tdfa1-L",
      "run_name": "(a)*a{1}-regcomp_regless-tdfa1-L",
      "run_type": "iteration",
      "repetitions": 0,
      "repetition_index": 0,
      "threads": 1,
      "iterations": 94442,
      "real_time": 7.5965445883222928e+00,
      "cpu_time": 7.5878641706019216e+00,
      "time_unit": "us",
      "captures": 1.0000000000000000e+00,
      "regsize": 8.0000000000000000e+00
    },
    {
      "name": "(a)*a{1}-regexec_tdfa1-P",
      "run_name": "(a)*a{1}-regexec_tdfa1-P",
      "run_type": "iteration",
      "repetitions": 0,
      "repetition_index": 0,
      "threads": 1,
      "iterations": 11458,
      "real_time": 6.1075708528612893e+01,
      "cpu_time": 6.1075697242101050e+01,
      "time_unit": "us",
      "captures": 1.0000000000000000e+00,
      "regsize": 8.0000000000000000e+00
    },
    {
      "name": "(a)*a{1}-regexec_tdfa1-L",
      "run_name": "(a)*a{1}-regexec_tdfa1-L",
      "run_type": "iteration",
      "repetitions": 0,
      "repetition_index": 0,
      "threads": 1,
      "iterations": 11522,
      "real_time": 6.1123537485217952e+01,
      "cpu_time": 6.1123325985072150e+01,
      "time_unit": "us",
      "captures": 1.0000000000000000e+00,
      "regsize": 8.0000000000000000e+00
    },
    {
      "name": "(a)*a{1}-regexec_regless-tdfa1-P",
      "run_name": "(a)*a{1}-regexec_regless-tdfa1-P",
      "run_type": "iteration",
      "repetitions": 0,
      "repetition_index": 0,
      "threads": 1,
      "iterations": 6782,
      "real_time": 1.0325823641656528e+02,
      "cpu_time": 1.0325794706576096e+02,
      "time_unit": "us",
      "captures": 1.0000000000000000e+00,
      "regsize": 8.0000000000000000e+00
    },
    {
      "name": "(a)*a{1}-regexec_regless-tdfa1-L",
      "run_name": "(a)*a{1}-regexec_regless-tdfa1-L",
      "run_type": "iteration",
      "repetitions": 0,
      "repetition_index": 0,
      "threads": 1,
      "iterations": 6794,
      "real_time": 1.0301781259531971e+02,
      "cpu_time": 1.0301744392110781e+02,
      "time_unit": "us",
      "captures": 1.0000000000000000e+00,
      "regsize": 8.0000000000000000e+00
    },
    {
      "name": "(a)*a{10}-regcomp_tdfa1-P",
      "run_name": "(a)*a{10}-regcomp_tdfa1-P",
      "run_type": "iteration",
      "repetitions": 0,
      "repetition_index": 0,
      "threads": 1,
      "iterations": 15210,
      "real_time": 4.5983729434593343e+01,
      "cpu_time": 4.5983482971729963e+01,
      "time_unit": "us",
      "captures": 1.0000000000000000e+00,
      "regsize": 9.0000000000000000e+00
    },
    {
      "name": "(a)*a{10}-regcomp_tdfa1-L",
      "run_name": "(a)*a{10}-regcomp_tdfa1-L",
      "run_type": "iteration",
      "repetitions": 0,
      "repetition_index": 0,
      "threads": 1,
      "iterations": 20032,
      "real_time": 3.4886849902796385e+01,
      "cpu_time": 3.4886564147364290e+01,
      "time_unit": "us",
      "captures": 1.0000000000000000e+00,
      "regsize": 9.0000000000000000e+00
    },
    {
      "name": "(a)*a{10}-regcomp_regless-tdfa1-P",
      "run_name": "(a)*a{10}-regcomp_regless-tdfa1-P",
      "run_type": "iteration",
      "repetitions": 0,
      "repetition_index": 0,
      "threads": 1,
      "iterations": 35814,
      "real_time": 1.9561974094056094e+01,
      "cpu_time": 1.9561835511253186e+01,
      "time_unit": "us",
      "captures": 1.0000000000000000e+00,
      "regsize": 9.0000000000000000e+00
    },
    {
      "name": "(a)*a{10}-regcomp_regless-tdfa1-L",
      "run_name": "(a)*a{10}-regcomp_regless-tdfa1-L",
      "run_type": "iteration",
      "repetitions": 0,
      "repetition_index": 0,
      "threads": 1,
      "iterations": 53628,
      "real_time": 1.2878568529996009e+01,
      "cpu_time": 1.2878465036921197e+01,
      "time_unit": "us",
      "captures": 1.0000000000000000e+00,
      "regsize": 9.0000000000000000e+00
    },
    {
      "name": "(a)*a{10}-regexec_tdfa1-P",
      "run_name": "(a)*a{10}-regexec_tdfa1-P",
      "run_type": "iteration",
      "repetitions": 0,
      "repetition_index": 0,
      "threads": 1,
      "iterations": 2752,
      "real_time": 2.5621621780162462e+02,
      "cpu_time": 2.5621484556685431e+02,
      "time_unit": "us",
      "captures": 1.0000000000000000e+00,
      "regsize": 9.0000000000000000e+00
    },
    {
      "name": "(a)*a{10}-regexec_tdfa1-L",
      "run_name": "(a)*a{10}-regexec_tdfa1-L",
      "run_type": "iteration",
      "repetitions": 0,
      "repetition_index": 0,
      "threads": 1,
      "iterations": 2753,
      "real_time": 2.5671398652128164e+02,
      "cpu_time": 2.5671195386851315e+02,
      "time_unit": "us",
      "captures": 1.0000000000000000e+00,
      "regsize": 9.0000000000000000e+00
    },
    {
      "name": "(a)*a{10}-regexec_regless-tdfa1-P",
      "run_name": "(a)*a{10}-regexec_regless-tdfa1-P",
      "run_type": "iteration",
      "repetitions": 0,
      "repetition_index": 0,
      "threads": 1,
      "iterations": 6805,
      "real_time": 1.0292670394593000e+02,
      "cpu_time": 1.0292669390154336e+02,
      "time_unit": "us",
      "captures": 1.0000000000000000e+00,
      "regsize": 9.0000000000000000e+00
    },
    {
      "name": "(a)*a{10}-regexec_regless-tdfa1-L",
      "run_name": "(a)*a{10}-regexec_regless-tdfa1-L",
      "run_type": "iteration",
      "repetitions": 0,
      "repetition_index": 0,
      "threads": 1,
      "iterations": 6802,
      "real_time": 1.0292457788525452e+02,
      "cpu_time": 1.0292456939135437e+02,
      "time_unit": "us",
      "captures": 1.0000000000000000e+00,
      "regsize": 9.0000000000000000e+00
    },
    {
      "name": "(a)*a{100}-regcomp_tdfa1-P",
      "run_name": "(a)*a{100}-regcomp_tdfa1-P",
      "run_type": "iteration",
      "repetitions": 0,
      "repetition_index": 0,
      "threads": 1,
      "iterations": 347,
      "real_time": 2.0136024899544564e+03,
      "cpu_time": 2.0135823890489760e+03,
      "time_unit": "us",
      "captures": 1.0000000000000000e+00,
      "regsize": 1.0000000000000000e+01
    },
    {
      "name": "(a)*a{100}-regcomp_tdfa1-L",
      "run_name": "(a)*a{100}-regcomp_tdfa1-L",
      "run_type": "iteration",
      "repetitions": 0,
      "repetition_index": 0,
      "threads": 1,
      "iterations": 674,
      "real_time": 1.0274955671203243e+03,
      "cpu_time": 1.0274895103857734e+03,
      "time_unit": "us",
      "captures": 1.0000000000000000e+00,
      "regsize": 1.0000000000000000e+01
    },
    {
      "name": "(a)*a{100}-regcomp_regless-tdfa1-P",
      "run_name": "(a)*a{100}-regcomp_regless-tdfa1-P",
      "run_type": "iteration",
      "repetitions": 0,
      "repetition_index": 0,
      "threads": 1,
      "iterations": 631,
      "real_time": 1.1134571919775615e+03,
      "cpu_time": 1.1134458431061980e+03,
      "time_unit": "us",
      "captures": 1.0000000000000000e+00,
      "regsize": 1.0000000000000000e+01
    },
    {
      "name": "(a)*a{100}-regcomp_regless-tdfa1-L",
      "run_name": "(a)*a{100}-regcomp_regless-tdfa1-L",
      "run_type": "iteration",
      "repetitions": 0,
      "repetition_index": 0,
      "threads": 1,
      "iterations": 4166,
      "real_time": 1.6637925332232388e+02,
      "cpu_time": 1.6637801200191996e+02,
      "time_unit": "us",
      "captures": 1.0000000000000000e+00,
      "regsize": 1.0000000000000000e+01
    },
    {
      "name": "(a)*a{100}-regexec_tdfa1-P",
      "run_name": "(a)*a{100}-regexec_tdfa1-P",
      "run_type": "iteration",
      "repetitions": 0,
      "repetition_index": 0,
      "threads": 1,
      "iterations": 238,
      "real_time": 2.9583441234436355e+03,
      "cpu_time": 2.9583293025211069e+03,
      "time_unit": "us",
      "captures": 1.0000000000000000e+00,
      "regsize": 1.0000000000000000e+01
    },
    {
      "name": "(a)*a{100}-regexec_tdfa1-L",
      "run_name": "(a)*a{100}-regexec_tdfa1-L",
      "run_type": "iteration",
      "repetitions": 0,
      "repetition_index": 0,
      "threads": 1,
      "iterations": 236,
      "real_time": 2.9363284376844513e+03,
      "cpu_time": 2.9363171059321612e+03,
      "time_unit": "us",
      "captures": 1.0000000000000000e+00,
      "regsize": 1.0000000000000000e+01
    },
    {
      "name": "(a)*a{100}-regexec_regless-tdfa1-P",
      "run_name": "(a)*a{100}-regexec_regless-tdfa1-P",
      "run_type": "iteration",
      "repetitions": 0,
      "repetition_index": 0,
      "threads": 1,
      "iterations": 6740,
      "real_time": 1.0382364523384267e+02,
      "cpu_time": 1.0382329183976243e+02,
      "time_unit": "us",
      "captures": 1.0000000000000000e+00,
      "regsize": 1.0000000000000000e+01
    },
    {
      "name": "(a)*a{100}-regexec_regless-tdfa1-L",
      "run_name": "(a)*a{100}-regexec_regless-tdfa1-L",
      "run_type": "iteration",
      "repetitions": 0,
      "repetition_index": 0,
      "threads": 1,
      "iterations": 6737,
      "real_time": 1.0380755982219209e+02,
      "cpu_time": 1.0380755514323707e+02,
      "time_unit": "us",
      "captures": 1.0000000000000000e+00,
      "regsize": 1.0000000000000000e+01
    },
    {
      "name": "(a)*a{1000}-regcomp_tdfa1-P",
      "run_name": "(a)*a{1000}-regcomp_tdfa1-P",
      "run_type": "iteration",
      "repetitions": 0,
      "repetition_index": 0,
      "threads": 1,
      "iterations": 1,
      "real_time": 1.8202919773757458e+06,
      "cpu_time": 1.8202746910000087e+06,
      "time_unit": "us",
      "captures": 1.0000000000000000e+00,
      "regsize": 1.1000000000000000e+01
    },
    {
      "name": "(a)*a{1000}-regcomp_tdfa1-L",
      "run_name": "(a)*a{1000}-regcomp_tdfa1-L",
      "run_type": "iteration",
      "repetitions": 0,
      "repetition_index": 0,
      "threads": 1,
      "iterations": 3,
      "real_time": 2.5185854546725750e+05,
      "cpu_time": 2.5185675266666862e+05,
      "time_unit": "us",
      "captures": 1.0000000000000000e+00,
      "regsize": 1.1000000000000000e+01
    },
    {
      "name": "(a)*a{1000}-regcomp_regless-tdfa1-P",
      "run_name": "(a)*a{1000}-regcomp_regless-tdfa1-P",
      "run_type": "iteration",
      "repetitions": 0,
      "repetition_index": 0,
      "threads": 1,
      "iterations": 1,
      "real_time": 1.3397532366216183e+06,
      "cpu_time": 1.3397407909999969e+06,
      "time_unit": "us",
      "captures": 1.0000000000000000e+00,
      "regsize": 1.1000000000000000e+01
    },
    {
      "name": "(a)*a{1000}-regcomp_regless-tdfa1-L",
      "run_name": "(a)*a{1000}-regcomp_regless-tdfa1-L",
      "run_type": "iteration",
      "repetitions": 0,
      "repetition_index": 0,
      "threads": 1,
      "iterations": 40,
      "real_time": 1.3038474693894386e+04,
      "cpu_time": 1.3038500775000017e+04,
      "time_unit": "us",
      "captures": 1.0000000000000000e+00,
      "regsize": 1.1000000000000000e+01
    },
    {
      "name": "(a)*a{1000}-regexec_tdfa1-P",
      "run_name": "(a)*a{1000}-regexec_tdfa1-P",
      "run_type": "iteration",
      "repetitions": 0,
      "repetition_index": 0,
      "threads": 1,
      "iterations": 24,
      "real_time": 2.8809768613427877e+04,
      "cpu_time": 2.8791007833333992e+04,
      "time_unit": "us",
      "captures": 1.0000000000000000e+00,
      "regsize": 1.1000000000000000e+01
    },
    {
      "name": "(a)*a{1000}-regexec_tdfa1-L",
      "run_name": "(a)*a{1000}-regexec_tdfa1-L",
      "run_type": "iteration",
      "repetitions": 0,
      "repetition_index": 0,
      "threads": 1,
      "iterations": 24,
      "real_time": 2.8418297025685508e+04,
      "cpu_time": 2.8406144166667724e+04,
      "time_unit": "us",
      "captures": 1.0000000000000000e+00,
      "regsize": 1.1000000000000000e+01
    },
    {
      "name": "(a)*a{1000}-regexec_regless-tdfa1-P",
      "run_name": "(a)*a{1000}-regexec_regless-tdfa1-P",
      "run_type": "iteration",
      "repetitions": 0,
      "repetition_index": 0,
      "threads": 1,
      "iterations": 5090,
      "real_time": 1.3679572928162597e+02,
      "cpu_time": 1.3659992770137288e+02,
      "time_unit": "us",
      "captures": 1.0000000000000000e+00,
      "regsize": 1.1000000000000000e+01
    },
    {
      "name": "(a)*a{1000}-regexec_regless-tdfa1-L",
      "run_name": "(a)*a{1000}-regexec_regless-tdfa1-L",
      "run_type": "iteration",
      "repetitions": 0,
      "repetition_index": 0,
      "threads": 1,
      "iterations": 5269,
      "real_time": 1.3332161645856252e+02,
      "cpu_time": 1.3332156082748139e+02,
      "time_unit": "us",
      "captures": 1.0000000000000000e+00,
      "regsize": 1.1000000000000000e+01
    }
  ]
}
